0,0,0,0,0,0,0
0.01,0,2.23847e-15,-4.41005e-11,0,8.46744e-13,-8.82011e-09
0.02,0,2.99639e-14,-1.76402e-10,0,6.05812e-12,-1.76402e-08
0.03,0,1.61841e-13,-3.96905e-10,0,2.20605e-11,-2.64603e-08
0.04,0,5.38364e-13,-7.05608e-10,0,5.46029e-11,-3.52804e-08
0.05,0,1.31287e-12,-1.10251e-09,0,1.04808e-10,-4.41004e-08
0.06,0,2.75597e-12,-1.58762e-09,0,1.79933e-10,-5.29203e-08
0.07,0,4.89344e-12,-2.16092e-09,0,2.49605e-10,-6.17401e-08
0.08,0,7.79053e-12,-2.82242e-09,0,3.31996e-10,-7.05599e-08
0.09,0,1.18079e-11,-3.57211e-09,0,4.73767e-10,-7.93791e-08
0.1,0,1.71977e-11,-4.41e-09,0,6.06561e-10,-8.81983e-08
0.11,0,2.39872e-11,-5.33608e-09,0,7.42271e-10,-9.70175e-08
0.12,0,3.19773e-11,-6.35035e-09,0,8.58235e-10,-1.05837e-07
0.13,0,4.12016e-11,-7.45281e-09,0,9.89128e-10,-1.14656e-07
0.14,0,5.18102e-11,-8.64347e-09,0,1.15808e-09,-1.23474e-07
0.15,0,6.48733e-11,-9.92229e-09,0,1.43411e-09,-1.32291e-07
0.16,0,8.0773e-11,-1.12893e-08,0,1.72543e-09,-1.41107e-07
0.17,0,9.96628e-11,-1.27444e-08,0,2.03212e-09,-1.49923e-07
0.18,0,1.21467e-10,-1.42877e-08,0,2.37717e-09,-1.58737e-07
0.19,0,1.46339e-10,-1.59192e-08,0,2.59989e-09,-1.67554e-07
0.2,0,1.73975e-10,-1.76388e-08,0,2.92993e-09,-1.76369e-07
0.21,0,2.04989e-10,-1.94466e-08,0,3.27544e-09,-1.85183e-07
0.22,0,2.39536e-10,-2.13425e-08,0,3.63645e-09,-1.93996e-07
0.23,0,2.77311e-10,-2.33265e-08,0,3.92113e-09,-2.02811e-07
0.24,0,3.1801e-10,-2.53987e-08,0,4.22133e-09,-2.11626e-07
0.25,0,3.61789e-10,-2.7559e-08,0,4.53704e-09,-2.20441e-07
0.26,0,4.08344e-10,-2.98075e-08,0,4.82237e-09,-2.29256e-07
0.27,0,4.59206e-10,-3.21441e-08,0,5.35273e-09,-2.38062e-07
0.28,0,5.1545e-10,-3.45687e-08,0,5.8527e-09,-2.46869e-07
0.29,0,5.75853e-10,-3.70815e-08,0,6.2305e-09,-2.55681e-07
0.3,0,6.41029e-10,-3.96823e-08,0,6.80739e-09,-2.64485e-07
0.31,0,7.12052e-10,-4.23712e-08,0,7.39979e-09,-2.73287e-07
0.32,0,7.89077e-10,-4.51481e-08,0,7.91592e-09,-2.82092e-07
0.33,0,8.7134e-10,-4.8013e-08,0,8.44757e-09,-2.90897e-07
0.34,0,9.5808e-10,-5.0966e-08,0,8.90297e-09,-2.99705e-07
0.35,0,1.04945e-09,-5.40071e-08,0,9.37389e-09,-3.08513e-07
0.36,0,1.14653e-09,-5.71362e-08,0,1.00438e-08,-3.17309e-07
0.37,0,1.24946e-09,-6.03533e-08,0,1.05457e-08,-3.26115e-07
0.38,0,1.35749e-09,-6.36585e-08,0,1.10632e-08,-3.3492e-07
0.39,0,1.47078e-09,-6.70517e-08,0,1.15962e-08,-3.43724e-07
0.4,0,1.58947e-09,-7.0533e-08,0,1.21447e-08,-3.52527e-07
0.41,0,1.71372e-09,-7.41022e-08,0,1.27087e-08,-3.61329e-07
0.42,0,1.84369e-09,-7.77595e-08,0,1.32882e-08,-3.7013e-07
0.43,0,1.97954e-09,-8.15048e-08,0,1.38832e-08,-3.7893e-07
0.44,0,2.12141e-09,-8.53381e-08,0,1.44937e-08,-3.87729e-07
0.45,0,2.26946e-09,-8.92594e-08,0,1.50281e-08,-3.96534e-07
0.46,0,2.42111e-09,-9.32689e-08,0,1.53947e-08,-4.0535e-07
0.47,0,2.57832e-09,-9.73663e-08,0,1.60517e-08,-4.14146e-07
0.48,0,2.74219e-09,-1.01552e-07,0,1.67242e-08,-4.2294e-07
0.49,0,2.91194e-09,-1.05825e-07,0,1.7229e-08,-4.31748e-07
0.5,0,3.08682e-09,-1.10187e-07,0,1.78409e-08,-4.40547e-07
0.51,0,3.2679e-09,-1.14636e-07,0,1.83767e-08,-4.49353e-07
0.52,0,3.45441e-09,-1.19174e-07,0,1.89281e-08,-4.58158e-07
0.53,0,3.64926e-09,-1.23799e-07,0,2.01357e-08,-4.66907e-07
0.54,0,3.85626e-09,-1.28512e-07,0,2.12673e-08,-4.75662e-07
0.55,0,4.07465e-09,-1.33312e-07,0,2.23227e-08,-4.84423e-07
0.56,0,4.30276e-09,-1.382e-07,0,2.33021e-08,-4.9319e-07
0.57,0,4.54166e-09,-1.43176e-07,0,2.44799e-08,-5.01939e-07
0.58,0,4.7915e-09,-1.48239e-07,0,2.54902e-08,-5.10703e-07
0.59,0,5.05426e-09,-1.5339e-07,0,2.70647e-08,-5.19413e-07
0.6,0,5.32919e-09,-1.58628e-07,0,2.79229e-08,-5.28191e-07
0.61,0,5.6146e-09,-1.63954e-07,0,2.91624e-08,-5.36931e-07
0.62,0,5.91066e-09,-1.69367e-07,0,3.00516e-08,-5.45706e-07
0.63,0,6.21568e-09,-1.74868e-07,0,3.09562e-08,-5.5448e-07
0.64,0,6.53349e-09,-1.80456e-07,0,3.26074e-08,-5.63175e-07
0.65,0,6.86423e-09,-1.86132e-07,0,3.35429e-08,-5.71946e-07
0.66,0,7.20622e-09,-1.91895e-07,0,3.48593e-08,-5.80675e-07
0.67,0,7.56329e-09,-1.97745e-07,0,3.65564e-08,-5.89361e-07
0.68,0,7.93375e-09,-2.03682e-07,0,3.75383e-08,-5.98126e-07
0.69,0,8.31411e-09,-2.09707e-07,0,3.85356e-08,-6.0689e-07
0.7,0,8.70451e-09,-2.1582e-07,0,3.95484e-08,-6.15652e-07
0.71,0,9.10512e-09,-2.2202e-07,0,4.05766e-08,-6.24412e-07
0.72,0,9.51792e-09,-2.28308e-07,0,4.19852e-08,-6.33126e-07
0.73,0,9.94488e-09,-2.34683e-07,0,4.34091e-08,-6.41838e-07
0.74,0,1.03843e-08,-2.41145e-07,0,4.44837e-08,-6.50593e-07
0.75,0,1.08346e-08,-2.47695e-07,0,4.55736e-08,-6.59345e-07
0.76,0,1.12959e-08,-2.54332e-07,0,4.6679e-08,-6.68096e-07
0.77,0,1.17664e-08,-2.61057e-07,0,4.76174e-08,-6.76868e-07
0.78,0,1.22483e-08,-2.67869e-07,0,4.87536e-08,-6.85614e-07
0.79,0,1.27415e-08,-2.74769e-07,0,4.99052e-08,-6.94359e-07
0.8,0,1.32464e-08,-2.81756e-07,0,5.10722e-08,-7.03102e-07
0.81,0,1.3763e-08,-2.88831e-07,0,5.22546e-08,-7.11842e-07
0.82,0,1.42916e-08,-2.95993e-07,0,5.34524e-08,-7.2058e-07
0.83,0,1.48321e-08,-3.03243e-07,0,5.46656e-08,-7.29317e-07
0.84,0,1.53849e-08,-3.1058e-07,0,5.58942e-08,-7.38051e-07
0.85,0,1.59501e-08,-3.18004e-07,0,5.71381e-08,-7.46783e-07
0.86,0,1.65277e-08,-3.25515e-07,0,5.81863e-08,-7.54058e-07
0.87,0,1.71138e-08,-3.33085e-07,0,5.92499e-08,-7.6133e-07
0.88,0,1.77128e-08,-3.40742e-07,0,6.054e-08,-7.70056e-07
0.89,0,1.83229e-08,-3.48486e-07,0,6.1482e-08,-7.78833e-07
0.9,0,1.89425e-08,-3.56319e-07,0,6.24394e-08,-7.87609e-07
0.91,0,1.95717e-08,-3.64238e-07,0,6.34124e-08,-7.96383e-07
0.92,0,2.02108e-08,-3.72246e-07,0,6.44008e-08,-8.05155e-07
0.93,0,2.0858e-08,-3.80342e-07,0,6.52231e-08,-8.13954e-07
0.94,0,2.15153e-08,-3.88525e-07,0,6.62424e-08,-8.22722e-07
0.95,0,2.21829e-08,-3.96796e-07,0,6.72771e-08,-8.31489e-07
0.96,0,2.28609e-08,-4.05155e-07,0,6.81459e-08,-8.40284e-07
0.97,0,2.35458e-08,-4.13602e-07,0,6.90302e-08,-8.49077e-07
0.98,0,2.42433e-08,-4.22136e-07,0,7.02926e-08,-8.57808e-07
0.99,0,2.49499e-08,-4.30758e-07,0,7.12079e-08,-8.66598e-07
1,0,2.56676e-08,-4.39468e-07,0,7.23198e-08,-8.75355e-07
1.01,0,2.63982e-08,-4.48265e-07,0,7.36283e-08,-8.8408e-07
1.02,0,2.71384e-08,-4.5715e-07,0,7.459e-08,-8.92865e-07
1.03,0,2.78937e-08,-4.66122e-07,0,7.66532e-08,-9.01458e-07
1.04,0,2.86689e-08,-4.75165e-07,0,7.82197e-08,-9.07152e-07
1.05,0,2.94589e-08,-4.8428e-07,0,7.99514e-08,-9.15802e-07
1.06,0,3.02698e-08,-4.9348e-07,0,8.206e-08,-9.24384e-07
1.07,0,3.11019e-08,-5.02767e-07,0,8.45453e-08,-9.32897e-07
1.08,0,3.1959e-08,-5.12139e-07,0,8.66841e-08,-9.41472e-07
1.09,0,3.28356e-08,-5.21596e-07,0,8.86574e-08,-9.50076e-07
1.1,0,3.37321e-08,-5.3114e-07,0,9.08264e-08,-9.58643e-07
1.11,0,3.46522e-08,-5.40769e-07,0,9.30106e-08,-9.67206e-07
1.12,0,3.55906e-08,-5.50485e-07,0,9.50293e-08,-9.758e-07
1.13,0,3.65529e-08,-5.60285e-07,0,9.70632e-08,-9.8439e-07
1.14,0,3.75355e-08,-5.70172e-07,0,9.94729e-08,-9.92907e-07
1.15,0,3.85388e-08,-5.80144e-07,0,1.01176e-07,-1.00156e-06
1.16,0,3.95591e-08,-5.90203e-07,0,1.02895e-07,-1.01021e-06
1.17,0,4.05967e-08,-6.00348e-07,0,1.04629e-07,-1.01886e-06
1.18,0,4.16517e-08,-6.1058e-07,0,1.06379e-07,-1.0275e-06
1.19,0,4.27243e-08,-6.20898e-07,0,1.08143e-07,-1.03615e-06
1.2,0,4.38147e-08,-6.31303e-07,0,1.09923e-07,-1.04478e-06
1.21,0,4.49264e-08,-6.41793e-07,0,1.12437e-07,-1.05327e-06
1.22,0,4.60634e-08,-6.52368e-07,0,1.14967e-07,-1.06175e-06
1.23,0,4.72222e-08,-6.63029e-07,0,1.16792e-07,-1.07038e-06
1.24,0,4.83993e-08,-6.73776e-07,0,1.18633e-07,-1.07901e-06
1.25,0,4.95949e-08,-6.84609e-07,0,1.20488e-07,-1.08763e-06
1.26,0,5.08092e-08,-6.95529e-07,0,1.22359e-07,-1.09625e-06
1.27,0,5.2039e-08,-7.0652e-07,0,1.23617e-07,-1.10199e-06
1.28,0,5.32883e-08,-7.17582e-07,0,1.26236e-07,-1.11045e-06
1.29,0,5.45602e-08,-7.28729e-07,0,1.28511e-07,-1.11898e-06
1.3,0,5.58585e-08,-7.39961e-07,0,1.30801e-07,-1.1275e-06
1.31,0,5.71799e-08,-7.51279e-07,0,1.33139e-07,-1.13451e-06
1.32,0,5.85178e-08,-7.62652e-07,0,1.34775e-07,-1.14168e-06
1.33,0,5.98754e-08,-7.74112e-07,0,1.36752e-07,-1.15027e-06
1.34,0,6.12565e-08,-7.85657e-07,0,1.39461e-07,-1.1587e-06
1.35,0,6.26611e-08,-7.97287e-07,0,1.41468e-07,-1.16729e-06
1.36,0,6.40859e-08,-8.09003e-07,0,1.4349e-07,-1.17587e-06
1.37,0,6.5531e-08,-8.20804e-07,0,1.45528e-07,-1.18445e-06
1.38,0,6.69931e-08,-8.32677e-07,0,1.46897e-07,-1.19017e-06
1.39,0,6.84724e-08,-8.44622e-07,0,1.48964e-07,-1.19875e-06
1.4,0,6.99724e-08,-8.56652e-07,0,1.51047e-07,-1.20732e-06
1.41,0,7.14934e-08,-8.68768e-07,0,1.53145e-07,-1.21588e-06
1.42,0,7.30354e-08,-8.8097e-07,0,1.55259e-07,-1.22445e-06
1.43,0,7.45986e-08,-8.93257e-07,0,1.57387e-07,-1.23301e-06
1.44,0,7.61832e-08,-9.0563e-07,0,1.5953e-07,-1.24156e-06
1.45,0,7.77892e-08,-9.18088e-07,0,1.61688e-07,-1.25011e-06
1.46,0,7.9417e-08,-9.30632e-07,0,1.63862e-07,-1.25866e-06
1.47,0,8.10665e-08,-9.43262e-07,0,1.6605e-07,-1.26721e-06
1.48,0,8.2738e-08,-9.55976e-07,0,1.68254e-07,-1.27575e-06
1.49,0,8.44317e-08,-9.68776e-07,0,1.70472e-07,-1.28428e-06
1.5,0,8.61475e-08,-9.81662e-07,0,1.72706e-07,-1.29282e-06
1.51,0,8.78858e-08,-9.94633e-07,0,1.74955e-07,-1.30134e-06
1.52,0,8.96429e-08,-1.00767e-06,0,1.76464e-07,-1.30703e-06
1.53,0,9.14151e-08,-1.02077e-06,0,1.77983e-07,-1.31271e-06
1.54,0,9.32064e-08,-1.03394e-06,0,1.80277e-07,-1.32122e-06
1.55,0,9.50207e-08,-1.0472e-06,0,1.82585e-07,-1.32974e-06
1.56,0,9.68582e-08,-1.06054e-06,0,1.84909e-07,-1.33825e-06
1.57,0,9.87189e-08,-1.07396e-06,0,1.87248e-07,-1.34675e-06
1.58,0,1.00603e-07,-1.08747e-06,0,1.89601e-07,-1.35525e-06
1.59,0,1.02507e-07,-1.10107e-06,0,1.91262e-07,-1.36394e-06
1.6,0,1.04432e-07,-1.11475e-06,0,1.93646e-07,-1.37244e-06
1.61,0,1.0638e-07,-1.12852e-06,0,1.96044e-07,-1.38092e-06
1.62,0,1.08349e-07,-1.14237e-06,0,1.97751e-07,-1.38961e-06
1.63,0,1.10339e-07,-1.15631e-06,0,2.00179e-07,-1.39809e-06
1.64,0,1.12353e-07,-1.17033e-06,0,2.01861e-07,-1.40525e-06
1.65,0,1.14376e-07,-1.18441e-06,0,2.03558e-07,-1.41241e-06
1.66,0,1.1642e-07,-1.19857e-06,0,2.05207e-07,-1.41806e-06
1.67,0,1.18485e-07,-1.21279e-06,0,2.07695e-07,-1.42652e-06
1.68,0,1.20574e-07,-1.2271e-06,0,2.10198e-07,-1.43498e-06
1.69,0,1.22689e-07,-1.24149e-06,0,2.12716e-07,-1.44343e-06
1.7,0,1.24821e-07,-1.25595e-06,0,2.13348e-07,-1.44938e-06
1.71,0,1.26963e-07,-1.27049e-06,0,2.15118e-07,-1.45652e-06
1.72,0,1.29123e-07,-1.28508e-06,0,2.17255e-07,-1.46355e-06
1.73,0,1.31309e-07,-1.29976e-06,0,2.19832e-07,-1.47199e-06
1.74,0,1.33516e-07,-1.31452e-06,0,2.22073e-07,-1.48053e-06
1.75,0,1.35747e-07,-1.32937e-06,0,2.23978e-07,-1.48917e-06
1.76,0,1.37999e-07,-1.34431e-06,0,2.266e-07,-1.49759e-06
1.77,0,1.40279e-07,-1.35932e-06,0,2.28887e-07,-1.50612e-06
1.78,0,1.42577e-07,-1.37443e-06,0,2.31188e-07,-1.51464e-06
1.79,0,1.44902e-07,-1.38962e-06,0,2.33854e-07,-1.52305e-06
1.8,0,1.47259e-07,-1.4049e-06,0,2.37429e-07,-1.53425e-06
1.81,0,1.49647e-07,-1.42029e-06,0,2.40125e-07,-1.54265e-06
1.82,0,1.52054e-07,-1.43576e-06,0,2.41787e-07,-1.55138e-06
1.83,0,1.54481e-07,-1.4513e-06,0,2.43254e-07,-1.55709e-06
1.84,0,1.56919e-07,-1.4669e-06,0,2.44732e-07,-1.56279e-06
1.85,0,1.59381e-07,-1.48257e-06,0,2.47487e-07,-1.57117e-06
1.86,0,1.61862e-07,-1.49833e-06,0,2.48513e-07,-1.58012e-06
1.87,0,1.64366e-07,-1.51418e-06,0,2.52574e-07,-1.59116e-06
1.88,0,1.66899e-07,-1.53014e-06,0,2.53631e-07,-1.60011e-06
1.89,0,1.69446e-07,-1.54618e-06,0,2.56097e-07,-1.60859e-06
1.9,0,1.72022e-07,-1.56232e-06,0,2.59173e-07,-1.61996e-06
1.91,0,1.74623e-07,-1.57855e-06,0,2.61068e-07,-1.62553e-06
1.92,0,1.77248e-07,-1.59485e-06,0,2.63579e-07,-1.63399e-06
1.93,0,1.79895e-07,-1.61123e-06,0,2.65757e-07,-1.64257e-06
1.94,0,1.82563e-07,-1.6277e-06,0,2.67603e-07,-1.65127e-06
1.95,0,1.8525e-07,-1.64426e-06,0,2.70159e-07,-1.65971e-06
1.96,0,1.87967e-07,-1.6609e-06,0,2.73076e-07,-1.66804e-06
1.97,0,1.90704e-07,-1.6776e-06,0,2.74337e-07,-1.67383e-06
1.98,0,1.93462e-07,-1.69438e-06,0,2.77283e-07,-1.68214e-06
1.99,0,1.96242e-07,-1.71125e-06,0,2.7886e-07,-1.69094e-06
2,0,1.99046e-07,-1.7282e-06,0,2.81835e-07,-1.69925e-06
2.01,0,2.01872e-07,-1.74524e-06,0,2.83097e-07,-1.70817e-06
2.02,0,2.0472e-07,-1.76234e-06,0,2.86482e-07,-1.7132e-06
2.03,0,2.07602e-07,-1.7795e-06,0,2.90222e-07,-1.71809e-06
2.04,0,2.10523e-07,-1.79672e-06,0,2.94291e-07,-1.72599e-06
2.05,0,2.13488e-07,-1.81402e-06,0,2.98719e-07,-1.73376e-06
2.06,0,2.16494e-07,-1.8314e-06,0,3.02127e-07,-1.7419e-06
2.07,0,2.19537e-07,-1.84886e-06,0,3.06926e-07,-1.74953e-06
2.08,0,2.22629e-07,-1.86639e-06,0,3.11396e-07,-1.75727e-06
2.09,0,2.25757e-07,-1.88399e-06,0,3.13811e-07,-1.76265e-06
2.1,0,2.28914e-07,-1.90166e-06,0,3.1762e-07,-1.77064e-06
2.11,0,2.32104e-07,-1.91939e-06,0,3.20741e-07,-1.77574e-06
2.12,0,2.35334e-07,-1.93718e-06,0,3.25264e-07,-1.78345e-06
2.13,0,2.38609e-07,-1.95506e-06,0,3.29802e-07,-1.79116e-06
2.14,0,2.41926e-07,-1.97301e-06,0,3.34009e-07,-1.79899e-06
2.15,0,2.45293e-07,-1.99104e-06,0,3.38916e-07,-1.80654e-06
2.16,0,2.48705e-07,-2.00914e-06,0,3.43836e-07,-1.81409e-06
2.17,0,2.52166e-07,-2.02732e-06,0,3.48428e-07,-1.82176e-06
2.18,0,2.55673e-07,-2.04558e-06,0,3.53032e-07,-1.82943e-06
2.19,0,2.59236e-07,-2.06392e-06,0,3.59418e-07,-1.83955e-06
2.2,0,2.6285e-07,-2.08236e-06,0,3.63026e-07,-1.84761e-06
2.21,0,2.665e-07,-2.10087e-06,0,3.66989e-07,-1.85552e-06
2.22,0,2.70186e-07,-2.11947e-06,0,3.70284e-07,-1.8637e-06
2.23,0,2.73907e-07,-2.13813e-06,0,3.74534e-07,-1.86832e-06
2.24,0,2.77669e-07,-2.15685e-06,0,3.77858e-07,-1.87649e-06
2.25,0,2.81477e-07,-2.17565e-06,0,3.84598e-07,-1.88327e-06
2.26,0,2.85347e-07,-2.19452e-06,0,3.8999e-07,-1.89058e-06
2.27,0,2.89272e-07,-2.21345e-06,0,3.94273e-07,-1.89518e-06
2.28,0,2.93245e-07,-2.23244e-06,0,4.01048e-07,-1.90191e-06
2.29,0,2.97279e-07,-2.25149e-06,0,4.05122e-07,-1.90977e-06
2.3,0,3.01354e-07,-2.27063e-06,0,4.09211e-07,-1.91762e-06
2.31,0,3.05458e-07,-2.28983e-06,0,4.11599e-07,-1.9214e-06
2.32,0,3.09591e-07,-2.30909e-06,0,4.15038e-07,-1.92952e-06
2.33,0,3.13758e-07,-2.32842e-06,0,4.19167e-07,-1.93735e-06
2.34,0,3.17974e-07,-2.34784e-06,0,4.2331e-07,-1.94517e-06
2.35,0,3.22225e-07,-2.36733e-06,0,4.26792e-07,-1.95328e-06
2.36,0,3.26511e-07,-2.38688e-06,0,4.30472e-07,-1.95809e-06
2.37,0,3.30833e-07,-2.40651e-06,0,4.33982e-07,-1.96618e-06
2.38,0,3.35197e-07,-2.42621e-06,0,4.38854e-07,-1.97368e-06
2.39,0,3.39604e-07,-2.44598e-06,0,4.42393e-07,-1.98176e-06
2.4,0,3.44052e-07,-2.46584e-06,0,4.46619e-07,-1.98954e-06
2.41,0,3.48536e-07,-2.48577e-06,0,4.50186e-07,-1.99761e-06
2.42,0,3.53063e-07,-2.50579e-06,0,4.55782e-07,-2.00477e-06
2.43,0,3.57646e-07,-2.52586e-06,0,4.61464e-07,-2.01028e-06
2.44,0,3.62279e-07,-2.54598e-06,0,4.64542e-07,-2.01535e-06
2.45,0,3.66943e-07,-2.56618e-06,0,4.68166e-07,-2.02339e-06
2.46,0,3.71656e-07,-2.58644e-06,0,4.75151e-07,-2.02991e-06
2.47,0,3.76439e-07,-2.60678e-06,0,4.80811e-07,-2.03702e-06
2.48,0,3.81265e-07,-2.62719e-06,0,4.84477e-07,-2.04504e-06
2.49,0,3.86122e-07,-2.64766e-06,0,4.87598e-07,-2.05008e-06
2.5,0,3.91024e-07,-2.6682e-06,0,4.91344e-07,-2.05645e-06
2.51,0,3.95949e-07,-2.68879e-06,0,4.94436e-07,-2.06312e-06
2.52,0,4.00906e-07,-2.70945e-06,0,4.96917e-07,-2.06845e-06
2.53,0,4.05894e-07,-2.73018e-06,0,5.00654e-07,-2.07644e-06
2.54,0,4.10926e-07,-2.75098e-06,0,5.06401e-07,-2.08348e-06
2.55,0,4.16015e-07,-2.77185e-06,0,5.10831e-07,-2.09114e-06
2.56,0,4.21143e-07,-2.7928e-06,0,5.1461e-07,-2.09911e-06
2.57,0,4.26301e-07,-2.81382e-06,0,5.17138e-07,-2.10442e-06
2.58,0,4.31498e-07,-2.8349e-06,0,5.22272e-07,-2.11174e-06
2.59,0,4.3674e-07,-2.85606e-06,0,5.26093e-07,-2.11969e-06
2.6,0,4.4202e-07,-2.87729e-06,0,5.30589e-07,-2.12732e-06
2.61,0,4.47345e-07,-2.8986e-06,0,5.34438e-07,-2.13525e-06
2.62,0,4.52709e-07,-2.92e-06,0,5.38317e-07,-2.14154e-06
2.63,0,4.58112e-07,-2.94145e-06,0,5.42194e-07,-2.14946e-06
2.64,0,4.63547e-07,-2.96297e-06,0,5.44788e-07,-2.15474e-06
2.65,0,4.69007e-07,-2.98455e-06,0,5.47391e-07,-2.16001e-06
2.66,0,4.74501e-07,-3.00619e-06,0,5.5131e-07,-2.16791e-06
2.67,0,4.80034e-07,-3.0279e-06,0,5.55243e-07,-2.17581e-06
2.68,0,4.85599e-07,-3.04969e-06,0,5.58531e-07,-2.18073e-06
2.69,0,4.91211e-07,-3.07153e-06,0,5.63149e-07,-2.18829e-06
2.7,0,4.96869e-07,-3.09345e-06,0,5.68436e-07,-2.1955e-06
2.71,0,5.02567e-07,-3.11543e-06,0,5.71094e-07,-2.20074e-06
2.72,0,5.08297e-07,-3.13748e-06,0,5.74428e-07,-2.20729e-06
2.73,0,5.14055e-07,-3.15958e-06,0,5.77776e-07,-2.21384e-06
2.74,0,5.19853e-07,-3.18176e-06,0,5.81133e-07,-2.22037e-06
2.75,0,5.25678e-07,-3.20399e-06,0,5.85157e-07,-2.22657e-06
2.76,0,5.3155e-07,-3.22629e-06,0,5.89215e-07,-2.2344e-06
2.77,0,5.37462e-07,-3.24867e-06,0,5.93286e-07,-2.24222e-06
2.78,0,5.43416e-07,-3.27114e-06,0,5.97371e-07,-2.25004e-06
2.79,0,5.49416e-07,-3.29365e-06,0,6.02707e-07,-2.25388e-06
2.8,0,5.55457e-07,-3.31622e-06,0,6.05448e-07,-2.25908e-06
2.81,0,5.61525e-07,-3.33884e-06,0,6.0751e-07,-2.26298e-06
2.82,0,5.67614e-07,-3.36149e-06,0,6.10961e-07,-2.26947e-06
2.83,0,5.73744e-07,-3.38423e-06,0,6.14422e-07,-2.27596e-06
2.84,0,5.79895e-07,-3.407e-06,0,6.16507e-07,-2.27984e-06
2.85,0,5.86074e-07,-3.42982e-06,0,6.19294e-07,-2.28502e-06
2.86,0,5.92288e-07,-3.45271e-06,0,6.23489e-07,-2.29278e-06
2.87,0,5.98544e-07,-3.47568e-06,0,6.27697e-07,-2.30053e-06
2.88,0,6.04842e-07,-3.49871e-06,0,6.31803e-07,-2.30499e-06
2.89,0,6.11181e-07,-3.52179e-06,0,6.36683e-07,-2.31237e-06
2.9,0,6.17568e-07,-3.54494e-06,0,6.39451e-07,-2.31588e-06
2.91,0,6.2397e-07,-3.56811e-06,0,6.41583e-07,-2.31974e-06
2.92,0,6.30407e-07,-3.59135e-06,0,6.4586e-07,-2.32746e-06
2.93,0,6.36887e-07,-3.61466e-06,0,6.49434e-07,-2.33388e-06
2.94,0,6.43396e-07,-3.63803e-06,0,6.53022e-07,-2.34029e-06
2.95,0,6.49948e-07,-3.66147e-06,0,6.57339e-07,-2.34799e-06
2.96,0,6.56535e-07,-3.68497e-06,0,6.60226e-07,-2.35311e-06
2.97,0,6.63159e-07,-3.70854e-06,0,6.64571e-07,-2.36078e-06
2.98,0,6.69827e-07,-3.73219e-06,0,6.68928e-07,-2.36845e-06
2.99,0,6.76538e-07,-3.75591e-06,0,6.733e-07,-2.37611e-06
3,0,6.83293e-07,-3.77971e-06,0,6.77685e-07,-2.38377e-06
3.01,0,6.90098e-07,-3.80358e-06,0,6.83357e-07,-2.39068e-06
3.02,0,6.96954e-07,-3.82753e-06,0,6.88405e-07,-2.39795e-06
3.03,0,7.0386e-07,-3.85154e-06,0,6.9283e-07,-2.40558e-06
3.04,0,7.1081e-07,-3.87564e-06,0,6.97269e-07,-2.4132e-06
3.05,0,7.17798e-07,-3.8998e-06,0,6.99494e-07,-2.41701e-06
3.06,0,7.24809e-07,-3.92401e-06,0,7.03325e-07,-2.42498e-06
3.07,0,7.31857e-07,-3.94828e-06,0,7.06311e-07,-2.43005e-06
3.08,0,7.38943e-07,-3.97262e-06,0,7.10804e-07,-2.43764e-06
3.09,0,7.46079e-07,-3.99703e-06,0,7.16573e-07,-2.44447e-06
3.1,0,7.53268e-07,-4.02151e-06,0,7.21092e-07,-2.45205e-06
3.11,0,7.60501e-07,-4.04607e-06,0,7.24994e-07,-2.45999e-06
3.12,0,7.67766e-07,-4.0707e-06,0,7.28783e-07,-2.46629e-06
3.13,0,7.75077e-07,-4.0954e-06,0,7.31953e-07,-2.47296e-06
3.14,0,7.82398e-07,-4.12014e-06,0,7.33611e-07,-2.47711e-06
3.15,0,7.89749e-07,-4.14494e-06,0,7.36668e-07,-2.48214e-06
3.16,0,7.97139e-07,-4.1698e-06,0,7.41267e-07,-2.48966e-06
3.17,0,8.04575e-07,-4.19473e-06,0,7.45879e-07,-2.49718e-06
3.18,0,8.12056e-07,-4.21974e-06,0,7.50504e-07,-2.50469e-06
3.19,0,8.19591e-07,-4.24482e-06,0,7.55619e-07,-2.51017e-06
3.2,0,8.27149e-07,-4.26994e-06,0,7.56697e-07,-2.51469e-06
3.21,0,8.34739e-07,-4.29513e-06,0,7.60739e-07,-2.52257e-06
3.22,0,8.42363e-07,-4.32039e-06,0,7.64171e-07,-2.53082e-06
3.23,0,8.50022e-07,-4.34574e-06,0,7.68239e-07,-2.53868e-06
3.24,0,8.5772e-07,-4.37116e-06,0,7.71375e-07,-2.54366e-06
3.25,0,8.65452e-07,-4.39663e-06,0,7.74851e-07,-2.55189e-06
3.26,0,8.73224e-07,-4.42219e-06,0,7.80202e-07,-2.55894e-06
3.27,0,8.81056e-07,-4.44781e-06,0,7.85565e-07,-2.56598e-06
3.28,0,8.88929e-07,-4.47351e-06,0,7.89084e-07,-2.5742e-06
3.29,0,8.96829e-07,-4.49928e-06,0,7.91028e-07,-2.57995e-06
3.3,0,9.04756e-07,-4.52511e-06,0,7.94217e-07,-2.58489e-06
3.31,0,9.12722e-07,-4.55099e-06,0,7.98396e-07,-2.59269e-06
3.32,0,9.20724e-07,-4.57696e-06,0,8.02589e-07,-2.60048e-06
3.33,0,9.28774e-07,-4.603e-06,0,8.07411e-07,-2.60787e-06
3.34,0,9.36872e-07,-4.62912e-06,0,8.11632e-07,-2.61565e-06
3.35,0,9.45006e-07,-4.65532e-06,0,8.15866e-07,-2.62342e-06
3.36,0,9.53195e-07,-4.68158e-06,0,8.21953e-07,-2.62997e-06
3.37,0,9.61439e-07,-4.70792e-06,0,8.26215e-07,-2.63773e-06
3.38,0,9.6972e-07,-4.73434e-06,0,8.31102e-07,-2.64507e-06
3.39,0,9.78061e-07,-4.76082e-06,0,8.35795e-07,-2.65077e-06
3.4,0,9.86436e-07,-4.78735e-06,0,8.3928e-07,-2.65729e-06
3.41,0,9.94833e-07,-4.81396e-06,0,8.40735e-07,-2.66339e-06
3.42,0,1.00326e-06,-4.84063e-06,0,8.46282e-07,-2.67029e-06
3.43,0,1.01175e-06,-4.86735e-06,0,8.508e-07,-2.67433e-06
3.44,0,1.02029e-06,-4.89411e-06,0,8.55932e-07,-2.67795e-06
3.45,0,1.02886e-06,-4.92093e-06,0,8.59696e-07,-2.68606e-06
3.46,0,1.03748e-06,-4.94783e-06,0,8.63474e-07,-2.69417e-06
3.47,0,1.04613e-06,-4.9748e-06,0,8.64763e-07,-2.69863e-06
3.48,0,1.05478e-06,-5.00182e-06,0,8.67735e-07,-2.70551e-06
3.49,0,1.06348e-06,-5.0289e-06,0,8.71087e-07,-2.71034e-06
3.5,0,1.0722e-06,-5.05603e-06,0,8.72639e-07,-2.71643e-06
3.51,0,1.08094e-06,-5.08322e-06,0,8.75405e-07,-2.72167e-06
3.52,0,1.08971e-06,-5.11048e-06,0,8.79269e-07,-2.72973e-06
3.53,0,1.09852e-06,-5.13782e-06,0,8.82546e-07,-2.73822e-06
3.54,0,1.10737e-06,-5.16524e-06,0,8.85588e-07,-2.74507e-06
3.55,0,1.11623e-06,-5.19272e-06,0,8.89243e-07,-2.75148e-06
3.56,0,1.12515e-06,-5.22027e-06,0,8.94959e-07,-2.75824e-06
3.57,0,1.13413e-06,-5.24787e-06,0,8.98977e-07,-2.7626e-06
3.58,0,1.14313e-06,-5.27552e-06,0,9.01211e-07,-2.76823e-06
3.59,0,1.15216e-06,-5.30324e-06,0,9.0491e-07,-2.77463e-06
3.6,0,1.16122e-06,-5.33102e-06,0,9.08622e-07,-2.78101e-06
3.61,0,1.17033e-06,-5.35887e-06,0,9.12018e-07,-2.78945e-06
3.62,0,1.17948e-06,-5.38681e-06,0,9.18348e-07,-2.79938e-06
3.63,0,1.18868e-06,-5.41483e-06,0,9.21818e-07,-2.80413e-06
3.64,0,1.19792e-06,-5.4429e-06,0,9.25297e-07,-2.80887e-06
3.65,0,1.20718e-06,-5.47101e-06,0,9.27009e-07,-2.81491e-06
3.66,0,1.21645e-06,-5.4992e-06,0,9.27549e-07,-2.82183e-06
3.67,0,1.22574e-06,-5.52744e-06,0,9.28405e-07,-2.82668e-06
3.68,0,1.23502e-06,-5.55573e-06,0,9.3045e-07,-2.83066e-06
3.69,0,1.24435e-06,-5.58407e-06,0,9.35731e-07,-2.83772e-06
3.7,0,1.25374e-06,-5.61248e-06,0,9.39553e-07,-2.84404e-06
3.71,0,1.26315e-06,-5.64095e-06,0,9.43388e-07,-2.85036e-06
3.72,0,1.27261e-06,-5.66949e-06,0,9.47818e-07,-2.85622e-06
3.73,0,1.2821e-06,-5.69808e-06,0,9.51675e-07,-2.86252e-06
3.74,0,1.29163e-06,-5.72673e-06,0,9.53177e-07,-2.86692e-06
3.75,0,1.30117e-06,-5.75543e-06,0,9.55888e-07,-2.8741e-06
3.76,0,1.31074e-06,-5.78421e-06,0,9.58922e-07,-2.88289e-06
3.77,0,1.32036e-06,-5.81308e-06,0,9.62822e-07,-2.88916e-06
3.78,0,1.32998e-06,-5.84199e-06,0,9.63773e-07,-2.894e-06
3.79,0,1.33964e-06,-5.87097e-06,0,9.68016e-07,-2.90187e-06
3.8,0,1.34935e-06,-5.90003e-06,0,9.71368e-07,-2.90857e-06
3.81,0,1.35906e-06,-5.92913e-06,0,9.71188e-07,-2.91431e-06
3.82,0,1.36878e-06,-5.95832e-06,0,9.74315e-07,-2.92307e-06
3.83,0,1.37854e-06,-5.98758e-06,0,9.77372e-07,-2.92814e-06
3.84,0,1.38834e-06,-6.0169e-06,0,9.82838e-07,-2.93507e-06
3.85,0,1.39818e-06,-6.04627e-06,0,9.85337e-07,-2.94059e-06
3.86,0,1.40805e-06,-6.07571e-06,0,9.87846e-07,-2.9461e-06
3.87,0,1.41794e-06,-6.1052e-06,0,9.90365e-07,-2.95162e-06
3.88,0,1.42787e-06,-6.13475e-06,0,9.95879e-07,-2.9585e-06
3.89,0,1.43785e-06,-6.16437e-06,0,9.99338e-07,-2.96515e-06
3.9,0,1.44786e-06,-6.19405e-06,0,1.00131e-06,-2.97111e-06
3.91,0,1.45788e-06,-6.22379e-06,0,1.00537e-06,-2.97729e-06
3.92,0,1.46794e-06,-6.25359e-06,0,1.0053e-06,-2.98303e-06
3.93,0,1.47799e-06,-6.28344e-06,0,1.00638e-06,-2.98784e-06
3.94,0,1.48808e-06,-6.31336e-06,0,1.00933e-06,-2.99492e-06
3.95,0,1.49817e-06,-6.34333e-06,0,1.00985e-06,-3.0002e-06
3.96,0,1.50828e-06,-6.37336e-06,0,1.01303e-06,-3.0052e-06
3.97,0,1.51844e-06,-6.40345e-06,0,1.01808e-06,-3.01246e-06
3.98,0,1.52864e-06,-6.43361e-06,0,1.02315e-06,-3.01972e-06
3.99,0,1.53889e-06,-6.46384e-06,0,1.02579e-06,-3.02518e-06
4,0,1.54917e-06,-6.49412e-06,0,1.03201e-06,-3.03147e-06
4.01,0,1.55952e-06,-6.52447e-06,0,1.03599e-06,-3.03965e-06
4.02,0,1.5699e-06,-6.55491e-06,0,1.0396e-06,-3.04622e-06
4.03,0,1.58031e-06,-6.5854e-06,0,1.04132e-06,-3.05053e-06
4.04,0,1.59074e-06,-6.61593e-06,0,1.04513e-06,-3.05502e-06
4.05,0,1.60121e-06,-6.6465e-06,0,1.04894e-06,-3.05949e-06
4.06,0,1.61173e-06,-6.67714e-06,0,1.05506e-06,-3.0678e-06
4.07,0,1.6223e-06,-6.70785e-06,0,1.05818e-06,-3.07481e-06
4.08,0,1.63291e-06,-6.73863e-06,0,1.06337e-06,-3.08198e-06
4.09,0,1.64355e-06,-6.76948e-06,0,1.06499e-06,-3.08835e-06
4.1,0,1.6542e-06,-6.80039e-06,0,1.06621e-06,-3.09312e-06
4.11,0,1.66488e-06,-6.83134e-06,0,1.06848e-06,-3.09797e-06
4.12,0,1.67558e-06,-6.86233e-06,0,1.07193e-06,-3.10081e-06
4.13,0,1.68629e-06,-6.89335e-06,0,1.06972e-06,-3.10275e-06
4.14,0,1.69698e-06,-6.9244e-06,0,1.06904e-06,-3.10531e-06
4.15,0,1.70767e-06,-6.95546e-06,0,1.06994e-06,-3.10745e-06
4.16,0,1.71838e-06,-6.98654e-06,0,1.07086e-06,-3.10958e-06
4.17,0,1.72907e-06,-7.01766e-06,0,1.06854e-06,-3.11361e-06
4.18,0,1.73975e-06,-7.0488e-06,0,1.06793e-06,-3.11514e-06
4.19,0,1.75042e-06,-7.07997e-06,0,1.06666e-06,-3.11923e-06
4.2,0,1.76109e-06,-7.11117e-06,0,1.06764e-06,-3.12033e-06
4.21,0,1.77178e-06,-7.14238e-06,0,1.06966e-06,-3.12147e-06
4.22,0,1.7825e-06,-7.1736e-06,0,1.07535e-06,-3.12228e-06
4.23,0,1.79326e-06,-7.20482e-06,0,1.07688e-06,-3.12287e-06
4.24,0,1.80405e-06,-7.23605e-06,0,1.08153e-06,-3.12361e-06
4.25,0,1.81489e-06,-7.2673e-06,0,1.08564e-06,-3.12483e-06
4.26,0,1.82575e-06,-7.29853e-06,0,1.08523e-06,-3.12222e-06
4.27,0,1.83662e-06,-7.32976e-06,0,1.08992e-06,-3.12189e-06
4.28,0,1.84754e-06,-7.36097e-06,0,1.09254e-06,-3.12147e-06
4.29,0,1.85848e-06,-7.39219e-06,0,1.09619e-06,-3.12109e-06
4.3,0,1.86946e-06,-7.4234e-06,0,1.09831e-06,-3.12013e-06
4.31,0,1.88044e-06,-7.4546e-06,0,1.09935e-06,-3.12016e-06
4.32,0,1.89145e-06,-7.48579e-06,0,1.10253e-06,-3.11819e-06
4.33,0,1.90249e-06,-7.51698e-06,0,1.10615e-06,-3.11882e-06
4.34,0,1.91358e-06,-7.54817e-06,0,1.11031e-06,-3.11894e-06
4.35,0,1.92471e-06,-7.57934e-06,0,1.11609e-06,-3.1165e-06
4.36,0,1.93589e-06,-7.61051e-06,0,1.11921e-06,-3.11658e-06
4.37,0,1.94709e-06,-7.64167e-06,0,1.12129e-06,-3.11663e-06
4.38,0,1.95831e-06,-7.67284e-06,0,1.1239e-06,-3.11616e-06
4.39,0,1.96957e-06,-7.70401e-06,0,1.12854e-06,-3.11782e-06
4.4,0,1.98088e-06,-7.73519e-06,0,1.13113e-06,-3.11838e-06
4.41,0,1.99221e-06,-7.76637e-06,0,1.1348e-06,-3.11689e-06
4.42,0,2.00357e-06,-7.79753e-06,0,1.1374e-06,-3.1164e-06
4.43,0,2.01495e-06,-7.82871e-06,0,1.13998e-06,-3.118e-06
4.44,0,2.02637e-06,-7.85987e-06,0,1.14261e-06,-3.11543e-06
4.45,0,2.03779e-06,-7.89102e-06,0,1.14158e-06,-3.11438e-06
4.46,0,2.04923e-06,-7.92217e-06,0,1.1473e-06,-3.1139e-06
4.47,0,2.06072e-06,-7.9533e-06,0,1.14938e-06,-3.11392e-06
4.48,0,2.07223e-06,-7.98446e-06,0,1.15353e-06,-3.11601e-06
4.49,0,2.0838e-06,-8.01561e-06,0,1.15925e-06,-3.11551e-06
4.5,0,2.09539e-06,-8.04677e-06,0,1.15873e-06,-3.11499e-06
4.51,0,2.10701e-06,-8.0779e-06,0,1.16392e-06,-3.11291e-06
4.52,0,2.11866e-06,-8.10903e-06,0,1.16652e-06,-3.11238e-06
4.53,0,2.13035e-06,-8.14015e-06,0,1.17171e-06,-3.11132e-06
4.54,0,2.14212e-06,-8.17124e-06,0,1.17949e-06,-3.10867e-06
4.55,0,2.15394e-06,-8.20232e-06,0,1.18727e-06,-3.10601e-06
4.56,0,2.16584e-06,-8.23338e-06,0,1.19142e-06,-3.10597e-06
4.57,0,2.17779e-06,-8.26443e-06,0,1.19714e-06,-3.10539e-06
4.58,0,2.18976e-06,-8.29548e-06,0,1.19816e-06,-3.10433e-06
4.59,0,2.20175e-06,-8.32653e-06,0,1.19816e-06,-3.10433e-06
4.6,0,2.21374e-06,-8.35757e-06,0,1.20024e-06,-3.1043e-06
4.61,0,2.22575e-06,-8.38861e-06,0,1.20387e-06,-3.10371e-06
4.62,0,2.23781e-06,-8.41964e-06,0,1.20749e-06,-3.10312e-06
4.63,0,2.24989e-06,-8.45067e-06,0,1.20749e-06,-3.10312e-06
4.64,0,2.26197e-06,-8.4817e-06,0,1.20851e-06,-3.10205e-06
4.65,0,2.27408e-06,-8.51272e-06,0,1.2132e-06,-3.10245e-06
4.66,0,2.28621e-06,-8.54375e-06,0,1.21533e-06,-3.10447e-06
4.67,0,2.29836e-06,-8.57479e-06,0,1.21534e-06,-3.10447e-06
4.68,0,2.31053e-06,-8.60582e-06,0,1.21943e-06,-3.10226e-06
4.69,0,2.32274e-06,-8.63683e-06,0,1.22251e-06,-3.10112e-06
4.7,0,2.33498e-06,-8.66784e-06,0,1.22667e-06,-3.10098e-06
4.71,0,2.34726e-06,-8.69886e-06,0,1.22874e-06,-3.1009e-06
4.72,0,2.35954e-06,-8.72987e-06,0,1.22874e-06,-3.1009e-06
4.73,0,2.37183e-06,-8.76088e-06,0,1.23028e-06,-3.10032e-06
4.74,0,2.38416e-06,-8.79188e-06,0,1.23344e-06,-3.10123e-06
4.75,0,2.3965e-06,-8.82288e-06,0,1.23597e-06,-3.09956e-06
4.76,0,2.40887e-06,-8.85388e-06,0,1.23705e-06,-3.10055e-06
4.77,0,2.42125e-06,-8.88489e-06,0,1.23868e-06,-3.10204e-06
4.78,0,2.43363e-06,-8.91591e-06,0,1.23918e-06,-3.10149e-06
4.79,0,2.44604e-06,-8.94693e-06,0,1.24131e-06,-3.10243e-06
4.8,0,2.45846e-06,-8.97795e-06,0,1.24174e-06,-3.10084e-06
4.81,0,2.47088e-06,-9.00895e-06,0,1.24371e-06,-3.09865e-06
4.82,0,2.48334e-06,-9.03994e-06,0,1.24688e-06,-3.09952e-06
4.83,0,2.49581e-06,-9.07094e-06,0,1.24688e-06,-3.09952e-06
4.84,0,2.50828e-06,-9.10193e-06,0,1.24798e-06,-3.1005e-06
4.85,0,2.52077e-06,-9.13295e-06,0,1.24908e-06,-3.10147e-06
4.86,0,2.53325e-06,-9.16396e-06,0,1.24853e-06,-3.10098e-06
4.87,0,2.54575e-06,-9.19496e-06,0,1.25157e-06,-3.09975e-06
4.88,0,2.55826e-06,-9.22595e-06,0,1.24991e-06,-3.09829e-06
4.89,0,2.57078e-06,-9.25694e-06,0,1.25558e-06,-3.09739e-06
4.9,0,2.58335e-06,-9.28789e-06,0,1.25785e-06,-3.09254e-06
4.91,0,2.59594e-06,-9.31879e-06,0,1.25963e-06,-3.08824e-06
4.92,0,2.60854e-06,-9.34967e-06,0,1.26185e-06,-3.09016e-06
4.93,0,2.62117e-06,-9.38058e-06,0,1.26392e-06,-3.09001e-06
4.94,0,2.63382e-06,-9.41147e-06,0,1.26488e-06,-3.08889e-06
4.95,0,2.64648e-06,-9.44235e-06,0,1.26774e-06,-3.08554e-06
4.96,0,2.6592e-06,-9.47318e-06,0,1.27419e-06,-3.08137e-06
4.97,0,2.67195e-06,-9.50399e-06,0,1.2757e-06,-3.08073e-06
4.98,0,2.68472e-06,-9.53479e-06,0,1.27911e-06,-3.07783e-06
4.99,0,2.69751e-06,-9.56555e-06,0,1.27931e-06,-3.07417e-06
5,0,2.71032e-06,-9.59629e-06,0,1.28289e-06,-3.07333e-06
5.01,0,2.72317e-06,-9.62701e-06,0,1.28496e-06,-3.07315e-06
5.02,0,2.73602e-06,-9.65775e-06,0,1.28496e-06,-3.07315e-06
5.03,0,2.74886e-06,-9.68847e-06,0,1.28327e-06,-3.07174e-06
5.04,0,2.7617e-06,-9.71919e-06,0,1.2844e-06,-3.07268e-06
5.05,0,2.77455e-06,-9.74991e-06,0,1.28627e-06,-3.07041e-06
5.06,0,2.78741e-06,-9.78061e-06,0,1.28627e-06,-3.07041e-06
5.07,0,2.80028e-06,-9.81131e-06,0,1.2872e-06,-3.06927e-06
5.08,0,2.81315e-06,-9.84201e-06,0,1.28777e-06,-3.06973e-06
5.09,0,2.82607e-06,-9.87268e-06,0,1.29469e-06,-3.06588e-06
5.1,0,2.83903e-06,-9.90333e-06,0,1.29711e-06,-3.06406e-06
5.11,0,2.85201e-06,-9.93398e-06,0,1.29883e-06,-3.06544e-06
5.12,0,2.86501e-06,-9.96461e-06,0,1.30102e-06,-3.06155e-06
5.13,0,2.87803e-06,-9.99523e-06,0,1.30216e-06,-3.06247e-06
5.14,0,2.89106e-06,-1.00259e-05,0,1.30423e-06,-3.06223e-06
5.15,0,2.90412e-06,-1.00565e-05,0,1.30812e-06,-3.0597e-06
5.16,0,2.91721e-06,-1.00871e-05,0,1.30985e-06,-3.06107e-06
5.17,0,2.93034e-06,-1.01177e-05,0,1.31729e-06,-3.05757e-06
5.18,0,2.94353e-06,-1.01482e-05,0,1.31878e-06,-3.05687e-06
5.19,0,2.95674e-06,-1.01788e-05,0,1.32208e-06,-3.05386e-06
5.2,0,2.96998e-06,-1.02093e-05,0,1.32479e-06,-3.05038e-06
5.21,0,2.98324e-06,-1.02398e-05,0,1.32776e-06,-3.04896e-06
5.22,0,2.99654e-06,-1.02703e-05,0,1.33284e-06,-3.0436e-06
5.23,0,3.00989e-06,-1.03007e-05,0,1.33643e-06,-3.03895e-06
5.24,0,3.02326e-06,-1.03311e-05,0,1.34029e-06,-3.03635e-06
5.25,0,3.0367e-06,-1.03614e-05,0,1.34472e-06,-3.03419e-06
5.26,0,3.05014e-06,-1.03917e-05,0,1.34561e-06,-3.03302e-06
5.27,0,3.06362e-06,-1.04221e-05,0,1.34828e-06,-3.02951e-06
5.28,0,3.0771e-06,-1.04523e-05,0,1.34828e-06,-3.02951e-06
